fpr,tpr
0.0,0.0013021908194275167
1.3508037282182899e-05,0.019611656972110314
1.507658907248824e-05,0.021740522831282895
2.7016074564365797e-05,0.038534238727761086
3.015317814497648e-05,0.04290696399870717
3.118130369030729e-05,0.04470673135449219
3.983666965441689e-05,0.05462813212726762
4.00427122263748e-05,0.05484436365798451
4.05241118465487e-05,0.05547730852587054
5.3390282968499735e-05,0.0691195222685457
5.9755004481625337e-05,0.07581081320550924
6.030635628995296e-05,0.07601691284199147
6.236260738061458e-05,0.07734966418277893
7.53829453624412e-05,0.0857407372856939
8.00854244527496e-05,0.08657267578799019
8.10482236930974e-05,0.0867378060126549
0.00010806429825746319,0.0916658399473775
0.00012157233553964608,0.0942850622633539
0.00012472521476122915,0.09484903617316831
0.0001403158666063828,0.09830303375125138
0.00014682327816337428,0.099499426115191
0.00014858841010401187,0.09983525280948873
0.0001601708489054992,0.10198087020563402
0.00016584247979737065,0.10298800808134582
0.00018708782214184376,0.10673142723299538
0.0001891125219505606,0.1070986065404032
0.00019918334827208445,0.10893978579008094
0.00021612859651492638,0.11231102158160242
0.00023385977767730469,0.1158751844175627
0.0002402562733582488,0.11708479196386719
0.0002536038441003737,0.11968457749311856
0.0002563020142323001,0.12020606559580116
0.00025665270836147506,0.12026210531651767
0.00029877502240812666,0.12667045406410646
0.0003069941270688735,0.127457508499508
0.0003203416978109984,0.12907629631588102
0.0003377009320545725,0.130903646648018
0.0003429943405933802,0.13146844132221477
0.00034703683929524827,0.13191004195535877
0.000400427122263748,0.137341622979199
0.00042214449402967074,0.13961258936431659
0.00043225719302985275,0.14065845995172138
0.00043653825166430207,0.14110769992036015
0.0004404698344901228,0.14152329134712188
0.00048628934215858434,0.14615880119297966
0.0004979583706802111,0.14730496582946465
0.0005072076882007474,0.1481595261429057
0.0005456728145803776,0.15163859301504096
0.0005729103847545531,0.15403896048947058
0.000600640683395622,0.156386656144339
0.0006483857895447792,0.16049406855782208
0.0006703980293416067,0.1625304072139349
0.0006971417189522956,0.16500380902575063
0.0007159259759556936,0.1665975740121795
0.0007207688200747464,0.16699027774708303
0.000753829453624412,0.1696417367074179
0.0008239902742131569,0.17545193876455467
0.0008408969567538708,0.17686572309345855
0.0008418951996382968,0.17694768526864207
0.0008895187552768062,0.18087156935414886
0.0009361617368787969,0.18448375573547232
0.0009455626097528029,0.18518687340608492
0.000987720234917245,0.1882033391549405
0.0009978017180898332,0.18899042527530435
0.0010252080569292004,0.1911097875046744
0.0010678056593699946,0.19393895009562812
0.0011076590571389977,0.19652469605295417
0.0011345435130806192,0.19839374578814672
0.001138117584696216,0.19863141058190292
0.0011751817548052983,0.20102313443575892
0.001215723355396461,0.20356340361408937
0.0012546716497597438,0.20599523291338598
0.0012664334820890121,0.20670868417748575
0.001337295690936107,0.21121084696305586
0.0013563867105283673,0.21233378569650085
0.0014142017727317997,0.21573121972089176
0.0014548852108916177,0.2185231292966912
0.0014624291400313592,0.21904083303455274
0.0015399162501688504,0.22390450781736976
0.0015735484513494673,0.2260303807866098
0.0016058371400508255,0.22766733879403764
0.0016284036305392418,0.22877950827651525
0.0016951414842498666,0.2326296715334887
0.0017020126975550453,0.23296831319110653
0.0017187311542636594,0.23382182021855075
0.0018125684692759684,0.23925188194406566
0.00186410914494124,0.24190992965926483
0.0018996502231335183,0.24363766453900926
0.0019176501769538985,0.24432697721070434
0.0019353977576081153,0.24503093154357067
0.0021222637479978643,0.2529772654378982
0.0021312618265113036,0.25335068217019224
0.0021612859651492637,0.25466061936484197
0.002167100606476357,0.2549099270737266
0.002186105415510795,0.25568806804043687
0.0022824345969033634,0.25991404786883543
0.002410118514092222,0.26536115763220147
0.0024273308406706066,0.26606015515099113
0.0024959957287773627,0.2683709112867911
0.002541276250760044,0.26996769469853216
0.0025530190463325677,0.27039948403870007
0.0027088935365003485,0.27631295857549754
0.0027229044313934864,0.2768087390862675
0.002819322156555301,0.28018765258914413
0.002836687829258409,0.2808377556105458
0.0028374986358179637,0.2808692072395836
0.00297650827549386,0.28570136925181044
0.003047505228562892,0.2883189058826808
0.0031338646494664326,0.2912456866802554
0.003150026695141484,0.2918007883633592
0.003151007116150042,0.2918302917781495
0.003429943405933802,0.29987998938156596
0.003458057544238822,0.30083770755998984
0.003467615486672295,0.3011498486363003
0.0034703683929524828,0.30123717737179867
0.00358530026889752,0.3049295418605878
0.0037573470946820286,0.3110970131088678
0.003817405232247731,0.3130443450661664
0.00382277455085776,0.31321017335916707
0.0038596068025569894,0.3143393178503831
0.003884075291305647,0.31507002186667854
0.00419129176215173,0.32249455397758686
0.004214507632041065,0.3230179429990848
0.004271838605572099,0.3242919376668976
0.004337960491190603,0.32579632735677605
0.004521462005776317,0.33046623657901064
0.004643589434326378,0.33372234068238654
0.004673780899635283,0.33451766912497594
0.004725040042712227,0.3358467931161945
0.004755148812771862,0.3365989714199415
0.005059257046110945,0.3441790872001886
0.005156193462790978,0.34666486689839165
0.005165509877202349,0.34691217835445715
0.005214102390922599,0.3481387661786234
0.005300821627352239,0.35043342223528906
0.005477542077482323,0.3549997411718929
0.005563261367748161,0.3569704515647514
0.005686883695799,0.3596912860153232
0.005819540843566471,0.36252468933324344
0.005877675745622924,0.36379918493740354
0.0060004824508503194,0.3664221766348912
0.006214520466089035,0.371177565895211
0.0062407132243685,0.3717629188464354
0.0062466631073144685,0.3718985051088436
0.006407550355807502,0.37550809103082805
0.006516892471274224,0.37785097241231996
0.006814618260764685,0.38371704380642446
0.006821558827502364,0.38384847229491614
0.006833956219967966,0.38407532454524934
0.006931580519868539,0.3858876544056139
0.007327222289229285,0.3931242063801931
0.007405559626447982,0.39448593343776495
0.007528029898558462,0.396664294024767
0.007605024989868972,0.39804694246140404
0.007668558908475251,0.3991652698180526
0.007990592208418768,0.4047600623928186
0.008262146289375334,0.40943882298057394
0.008334459003106849,0.4106194154752781
0.008356589389002354,0.4109754427973515
0.008385618962254756,0.4114483266450713
0.008533349415028344,0.4138188828888585
0.00908969567538708,0.4230684169551758
0.009106259799782896,0.42334674055337673
0.009122597350861468,0.4236003732858853
0.009185465351884371,0.42462345086754355
0.009214075240485805,0.4250661809972446
0.009700229060850513,0.43247160170791926
0.009814859486189844,0.4340797367495268
0.009903897490656701,0.43543451065789496
0.010171552073483723,0.4393403102159019
0.0102586489141111,0.4407009482357167
0.010312386925581956,0.44145654886856506
0.010596554128074894,0.44513730728405837
0.010864922584089696,0.4485257152845213
0.010930527077553974,0.4493668936531228
0.011198162906929623,0.45265287215490807
0.011599444972794313,0.45725989434168496
0.011669279942105898,0.4580458968262245
0.01167214420874415,0.4580780890540132
0.011919380672717566,0.4610710768791234
0.012305821964068622,0.4657368850132708
0.012349367592869236,0.4662728514508
0.012468339162947775,0.4676580262143858
0.01298718633208756,0.4742609666786855
0.013086479314919793,0.47549905201612497
0.013142919505464524,0.4761539662641347
0.013166019320784782,0.47642943612863525
0.013575577468593813,0.4811554742004617
0.013734772645036787,0.4829485591037246
0.014281446071108456,0.48897442532367785
0.014281900694073679,0.4889794313360262
0.014458448920516223,0.4908855709437752
0.014655212734444428,0.4929509588400071
0.015061461569633932,0.49712039022118837
0.01533289108672054,0.4999456481515029
0.01537695448660492,0.5004344771781009
0.015776828617191672,0.5047876116307437
0.015935954649620068,0.5065508288916074
0.01637018443741133,0.5113957943470275
0.01637287122796534,0.5114282268427626
0.01645278940969877,0.512396913807599
0.016554094801592086,0.5135979608228669
0.01728510411105179,0.5217628235238744
0.017368787969325766,0.5226522802060602
0.01738330720057894,0.5228022268883856
0.01771098049609454,0.526146271325284
0.01816728983234833,0.5303506776023472
0.018195326219100364,0.5306023304031102
0.018504133054476644,0.5333327378648975
0.01902028830752803,0.5380326915974212
0.019071885176697626,0.5385047017876283
0.019441542850906598,0.5419178960858982
0.01950004979583707,0.5424567984905894
0.019924354991219775,0.5461730385484025
0.019946327342901943,0.5463561789823574
0.020715068220296784,0.5525711966392244
0.02083555792845702,0.5535669421851234
0.020850922687251236,0.5536914595466824
0.02121887716125411,0.556668115240073
0.021790658300966038,0.5611353332860949
0.021815480210725383,0.5613302450399662
0.021891207333252925,0.561925484307191
0.02290608505128971,0.5696130310263051
0.02296164515739959,0.5700218582724985
0.022984516817939137,0.570191773056885
0.023074164730827396,0.5708798805512839
0.023971776625256302,0.5774161388577197
0.024057814399567744,0.5780304600456397
0.02420077681505826,0.5790657438484161
0.025106780565937,0.5857053149839087
0.025132673983837898,0.5858867898937337
0.02531921859652952,0.5871824266232799
0.02535604023503635,0.5874362339599132
0.026067422506332167,0.5923290563131581
0.026471466985360025,0.5950391042436516
0.026489261110360665,0.5951541852479741
0.027409238933783622,0.6010677746339171
0.027482648158035236,0.6015469750528817
0.02784490419544441,0.6039361094559641
0.028005178767055074,0.6049797464750004
0.02844952357978531,0.6079116033787126
0.02893421585843577,0.6110825158492524
0.029299870530823623,0.6134006641081671
0.029700880472801835,0.6158896617112556
0.030178857447944473,0.6188238418109568
0.030495315009120533,0.6206822571975723
0.030773827308037047,0.6223029255426085
0.030891931009528403,0.6229716973086534
0.031284614345535595,0.6251729744507065
0.032354360149559766,0.6309346839082695
0.032367294094213725,0.6310018241089933
0.03311532301121196,0.6349683413876608
0.03316131647464181,0.635210416870406
0.033877095645881074,0.6388298480135479
0.03401323787653654,0.6395147800906186
0.034120107559008066,0.6400467099997448
0.03557414600139428,0.6473130754589425
0.03574659269086962,0.648145660615366
0.03589161772557395,0.6488611889753313
0.03604558706599523,0.6496839992944666
0.03652573281102256,0.6522402811174102
0.03716379206368351,0.6557852233613266
0.037366796135843046,0.6569158187211533
0.03872130272290443,0.6644853699667583
0.03873175732722229,0.664539695241694
0.03896103896103896,0.665698273273283
0.03907977293098297,0.666293891847442
0.03918681615561259,0.6668165158320989
0.04043541189241346,0.6728079794471817
0.041091524748531026,0.6760293360473325
0.04207876010131468,0.6808686384977072
0.04211035063376,0.6810168807530699
0.04213156828312846,0.6811145219793179
0.04213828083288841,0.6811443555972526
0.04328254157952395,0.6863716968529842
0.04390302737908575,0.6892303721993855
0.04539997817308742,0.6963238409487589
0.0454140213426989,0.6963888617726935
0.04549347674534409,0.6967260777675834
0.045501868659903896,0.6967605323612819
0.04563683512242191,0.6972933396763177
0.047657098058135325,0.7050877692066202
0.04780400358530027,0.7056526380746583
0.04903260005300822,0.7104854621375876
0.04915910304324613,0.7109971054914996
0.049479940564635956,0.7122010104301582
0.04952659510312387,0.7123831106726503
0.04983567373767553,0.7135801333133132
0.0514111687371849,0.7195065563573066
0.052026005207277716,0.7217816050826917
0.05228562892142217,0.7226895965520229
0.05326219100364717,0.7262184445509681
0.05328350240256274,0.7262923882077692
0.05343143167289832,0.7268130728700191
0.05449656408724231,0.730552134345257
0.055662766855626586,0.7345998709467524
0.0557989429538049,0.7350652333783343
0.05676725425754407,0.7383476610443054
0.05710090763481047,0.7394659692993578
0.05722004592732676,0.7398519450681489
0.057879025449282355,0.7420355855426253
0.05925704611094512,0.7464092854027575
0.05950951809295146,0.7472071032387336
0.06080388372934507,0.7512510708506458
0.061123868701877616,0.7522908623228032
0.06165242925787507,0.7540052828073052
0.061667164625037345,0.7540520557725656
0.06339705704981305,0.7596514133449103
0.06343836235793018,0.7597858284419424
0.06397769146499353,0.7615009850934817
0.0652438200729434,0.7654028590488549
0.06592992401399107,0.7674880575108723
0.06648424986652429,0.7691490568368515
0.06678617667562992,0.7700890357850775
0.06763224770427652,0.7727216169608083
0.06849294415631407,0.7753922752481885
0.06953490688178468,0.7786119810870025
0.06967445630149939,0.7790399303263943
0.07099565794234712,0.7829955666304163
0.07139615589962627,0.7841579548000434
0.07170140783586161,0.7849728576568019
0.072144208744149,0.7861681576469985
0.0738602098661199,0.790706076926035
0.07414561664190193,0.7914708873096541
0.07545065232546559,0.7949888635809188
0.07548993623423396,0.7950953607128308
0.07652162306460224,0.7977863811209177
0.07683029791340007,0.7985590040803504
0.07841848421471966,0.8025107843003448
0.07864379305686883,0.8030757422687419
0.0802526836328549,0.8067593337389489
0.08043217286914765,0.8071606721694782
0.08134647943431929,0.8091438119109318
0.08208756006406834,0.8107200762681158
0.08381737133594488,0.8145246394400931
0.0839766011337595,0.8148753513098042
0.08465292301563589,0.8163787697984091
0.08535881885221622,0.8179241508880976
0.08783620793631648,0.8232827831952239
0.08789961159247087,0.8234185335519211
0.08792044847837693,0.8234634471063089
0.08889639335404566,0.8255288010136737
0.090410190050046,0.8285932625036585
0.09166417687481326,0.8310531874269038
0.09168073814980099,0.8310855282746573
0.09394020288307528,0.8355298878600228
0.09465081723625557,0.836963646012283
0.09528931381336521,0.8383029704259
0.09533683603311455,0.8384018324702568
0.0956458810758654,0.8390319574222573
0.09879494074295389,0.8453002864648852
0.10010806429825746,0.8479020060531559
0.10018393438668435,0.8480465750371285
0.10040042712226374,0.8484566637631896
0.10079356417891833,0.8491342671537605
0.10369485111044717,0.8541382209583925
0.10508382583524303,0.8565206680770207
0.10593847928781902,0.8579685087424249
0.10594353640416047,0.8579768843044432
0.10687399893219435,0.859421705514702
0.10793745642864257,0.8610540033597174
0.11017971294174406,0.8645226164006328
0.11158229525576464,0.8666764716184133
0.11229957175580121,0.8677431032674325
0.11233283803863299,0.8677924571224178
0.11398825413774694,0.8702148535676489
0.11672295259920396,0.8740655943548019
0.11690070710088636,0.8743173781296386
0.11774060273460034,0.8754869439642438
0.11915439686613535,0.877382313087614
0.12138233243700827,0.8803646698047608
0.12178323545114789,0.8809089609512654
0.12260282233747437,0.8819509852336248
0.12374300369498449,0.8833840619542863
0.12605700391733082,0.8863343865059068
0.1266208544965641,0.8870262360560293
0.1293722108310216,0.8903243160885534
0.12980512546716497,0.8908380132686023
0.12990131117382017,0.8909528090092003
0.13217806991335523,0.8936571565119316
0.13375658516817507,0.8955600564159003
0.13634025038586864,0.8983727897159094
0.13694065854541068,0.899012380058273
0.1374962653122199,0.8996053936556813
0.13817405232247731,0.9003033556417723
0.14151019856814806,0.9037887269976214
0.14298186807190408,0.9054042852169347
0.1440493974703715,0.9065634998982469
0.14595645881075867,0.9086489942702387
0.14697010144153763,0.9097557312283155
0.14958800486289342,0.9124140153165239
0.15030375460611492,0.9130921163111549
0.150480971609423,0.9132598380454926
0.15546978651549873,0.9178422504075041
0.15611990837565978,0.9184246408620931
0.15636679124399358,0.9186454761868215
0.15800351208969338,0.9200334390554697
0.15813598166539344,0.9201448435055086
0.16287222388208344,0.9239492622123047
0.16611839541011209,0.9265062580988854
0.16619060331019755,0.9265629891477557
0.1668918006213697,0.92706286038017
0.16735013870461946,0.9273577413974472
0.1696046210536799,0.9288143908218253
0.17400726524375984,0.9316608043063818
0.17599621774956098,0.9329159258123065
0.17705552589428725,0.9335855173947847
0.17765162832387213,0.9339855171530983
0.18156873138865937,0.9366428315222219
0.18176335785791822,0.9367739401748254
0.1855990439199283,0.9392999316504866
0.1858570849655545,0.9394671345178047
0.1872664175120128,0.9403466330296425
0.18956673578522318,0.9416987058346209
0.19504033462802509,0.9448353697634685
0.1959610968526273,0.9453558954076913
0.19831309147035436,0.9466687686716899
0.19851841964762412,0.9467800026691956
0.19881498009890242,0.9469294324662414
0.20438203366198585,0.94972491059252
0.2068755909766311,0.9509856242144403
0.2080260675698851,0.9515439247779686
0.21106513614522157,0.9530597616710876
0.2146598944328254,0.9548317938839161
0.21742723063251274,0.9561923933251141
0.21828988248007564,0.9565800028036142
0.22186708479073694,0.9581019527335283
0.2244127068873465,0.9591717017629746
0.2256946519270989,0.959694930180911
0.22765469824293355,0.9604875334391274
0.23013643117655005,0.9614885434223153
0.23868126001067805,0.964681233686797
0.23878642366037325,0.964714033094406
0.23931879294890948,0.9648779651508868
0.24284749425908417,0.965954928466276
0.24968428930013564,0.9680573422601073
0.2535771489588895,0.9691697740821846
0.25428175129658664,0.9693862714616632
0.25463599243103274,0.9694924998678974
0.25731460218830204,0.970292033587957
0.2617670444801297,0.9715887643897888
0.26923384943940204,0.9737007555125308
0.2715267403645055,0.9743211819610252
0.2721194110495745,0.9744799749702272
0.27459815094869117,0.9750982072907147
0.28637213027229047,0.9780339118803975
0.28744484806909776,0.9783036573390363
0.287964338781575,0.978430947003684
0.2913255651827507,0.979156481497952
0.30177265711479395,0.9813848706593646
0.3050854244527496,0.9820233724298237
0.30586248818046735,0.9821535255458691
0.3090549993969364,0.9826839101138971
0.3141718952295588,0.9835110786977808
0.31669291093060603,0.9839154019627874
0.32570579494799407,0.985389764927552
0.3263347570742125,0.9854776704847901
0.33321900188646886,0.9862814027454423
0.3424360123493676,0.987290594558411
0.3491017155207348,0.9880206507064155
0.3504310815235185,0.9881756942992983
0.35057394554191135,0.9881922961648643
0.36823560593068394,0.9900632607400096
0.3761853302715116,0.9908403679063278
0.37792311799252537,0.990987097922743
0.3804003585300269,0.991149460999547
0.3886125878922998,0.9916723190157903
0.408347967040389,0.9927820218591583
0.40870261612386544,0.9928002937034011
0.4110475358974759,0.9929104231167571
0.4316578217344108,0.9940243400570001
0.4356963564646638,0.9942355716138991
0.43573349268001194,0.9942372456637603
0.44778430325680724,0.9947727908049379
0.44925030393083887,0.9948382974641232
0.4627305467641602,0.9953653457439392
0.49540855303160225,0.9964051055613595
0.49578216764548855,0.9964171910429016
0.5075645008780224,0.9967295307416428
0.5339642350446672,0.997323267847819
0.5398267104870033,0.9974316917633755
0.5652429257875067,0.9978896756982621
0.5830280164013657,0.9981570033551964
0.6080642982574632,0.9985102068995829
0.6457492087744189,0.9988676035639429
0.6754938601174586,0.9990944504564763
0.7432687360658549,0.9993389783784504
1.0,1.0
